tag,id,min_letter_mass,missing_letter_entries
gemma4_12b_base,1,0.9842,0
gemma4_12b_base,2,0.9904999999999999,0
gemma4_12b_base,3,0.99,0
gemma4_12b_base,4,0.9890000000000001,0
gemma4_12b_base,6,0.9813,0
gemma4_12b_base,8,0.9853000000000001,0
gemma4_12b_base,9,0.9856,0
gemma4_12b_base,10,0.9946000000000002,0
gemma4_12b_base,11,0.986,0
gemma4_12b_base,14,0.9884000000000002,0
gemma4_12b_base,15,0.9896,0
gemma4_12b_base,16,0.9965,0
gemma4_12b_base,17,0.9716999999999999,0
gemma4_12b_base,19,0.9957,0
gemma4_12b_base,22,0.9899,0
gemma4_12b_base,23,0.9908999999999999,0
gemma4_12b_base,24,0.9898,0
gemma4_12b_base,25,0.9958,0
gemma4_12b_base,27,0.9784,0
gemma4_12b_base,28,0.9856999999999999,0
gemma4_12b_base,29,0.9986999999999999,0
gemma4_12b_base,30,0.9860000000000001,0
gemma4_12b_base,31,0.9594,0
gemma4_12b_base,32,0.9858,0
gemma4_12b_base,33,0.9808,0
gemma4_12b_base,34,0.9853000000000001,0
gemma4_12b_base,35,0.9898,0
gemma4_12b_base,36,0.9904,0
gemma4_12b_base,37,0.9942000000000001,0
gemma4_12b_base,38,0.9826999999999999,0
gemma4_12b_base,39,0.9798,0
gemma4_12b_base,40,0.9897,0
gemma4_12b_base,41,0.9931999999999999,0
gemma4_12b_base,42,0.9933000000000001,0
gemma4_12b_base,43,0.96,0
gemma4_12b_base,44,0.9832000000000001,0
gemma4_12b_base,45,0.9953,0
gemma4_12b_base,46,0.9741,0
gemma4_12b_base,47,0.9914999999999999,0
gemma4_12b_base,48,0.9727000000000001,0
gemma4_12b_base,49,0.9861,0
gemma4_12b_base,50,0.9839000000000001,0
gemma4_12b_base,51,0.9876,0
gemma4_12b_base,52,0.9829,0
gemma4_12b_base,53,0.9892,0
gemma4_12b_base,54,0.9951,0
gemma4_12b_base,55,0.944,0
gemma4_12b_base,56,0.9751000000000001,0
gemma4_12b_base,57,0.9871,0
gemma4_12b_base,58,0.9810000000000001,0
gemma4_12b_base,59,0.987,0
gemma4_12b_base,60,0.9791,0
gemma4_12b_base,61,0.996,0
gemma4_12b_base,62,0.9741,0
gemma4_12b_base,63,0.9749000000000001,0
gemma4_12b_base,64,0.9904999999999999,0
gemma4_12b_base,65,0.9825,0
gemma4_12b_base,66,0.9770999999999999,0
gemma4_12b_base,67,0.9883,0
gemma4_12b_base,68,0.9866,0
gemma4_12b_base,69,0.9911,0
gemma4_12b_base,70,0.9696,0
gemma4_12b_base,71,0.9934,0
gemma4_12b_base,72,0.9839,0
gemma4_12b_base,73,0.9753000000000001,0
gemma4_12b_base,74,0.9658,0
gemma4_12b_base,75,0.9947,0
gemma4_12b_base,76,0.9819,0
gemma4_12b_base,77,0.9912999999999998,0
gemma4_12b_base,78,0.9823999999999999,0
gemma4_12b_base,79,0.9828,0
gemma4_12b_base,80,0.9901,0
gemma4_12b_base,81,0.9859,0
gemma4_12b_base,82,0.9905999999999999,0
gemma4_12b_base,83,0.9804,0
gemma4_12b_base,84,0.9983,0
gemma4_12b_base,85,0.9835,0
gemma4_12b_base,86,0.9751,0
gemma4_12b_base,87,0.9934000000000001,0
gemma4_12b_base,88,0.9903000000000001,0
gemma4_12b_base,89,0.9956,0
gemma4_12b_base,90,0.9665999999999999,0
gemma4_12b_base,91,0.9930999999999999,0
gemma4_12b_base,92,0.9818,0
gemma4_12b_base,93,0.9881000000000001,0
gemma4_12b_base,94,0.9823999999999999,0
gemma4_12b_base,95,0.9596,0
gemma4_12b_base,96,0.9785999999999999,0
gemma4_12b_base,97,0.9892000000000001,0
gemma4_12b_base,98,0.9917,0
gemma4_12b_base,99,0.9863999999999999,0
gemma4_12b_base,100,0.9773,0
gemma4_12b_base,101,0.9836,0
gemma4_12b_base,102,0.9795000000000001,0
gemma4_12b_base,103,0.9701,0
gemma4_12b_base,104,0.9693999999999999,0
gemma4_12b_base,105,0.9842,0
gemma4_12b_base,106,0.9878,0
gemma4_12b_base,107,0.979,0
gemma4_12b_base,108,0.976,0
gemma4_12b_base,109,0.9932000000000001,0
gemma4_12b_base,110,0.9819,0
gemma4_12b_base,111,0.9874999999999999,0
gemma4_12b_base,112,0.9773000000000001,0
gemma4_12b_base,113,0.9924000000000001,0
gemma4_12b_base,114,0.9966999999999999,0
gemma4_12b_base,115,0.9908,0
gemma4_12b_base,116,0.9852,0
gemma4_12b_base,117,0.9843,0
gemma4_12b_base,118,0.9568,0
gemma4_12b_base,119,0.9835,0
gemma4_12b_base,120,0.9818,0
gemma4_12b_base,121,0.9708,0
gemma4_12b_base,122,0.9852,0
gemma4_12b_base,123,0.9424,0
gemma4_12b_base,124,0.9875,0
gemma4_12b_base,125,0.9878,0
gemma4_12b_base,126,0.9709999999999999,0
gemma4_12b_base,127,0.9856,0
gemma4_12b_base,128,0.9785999999999999,0
gemma4_12b_base,201,0.9871,0
gemma4_12b_base,202,0.9773999999999998,0
gemma4_12b_base,203,0.9701000000000001,0
gemma4_12b_base,204,0.9914,0
gemma4_12b_base,205,0.9872000000000001,0
gemma4_12b_base,206,0.9868000000000001,0
gemma4_12b_base,207,0.9692,0
gemma4_12b_base,208,0.9944000000000001,0
gemma4_12b_base,209,0.9857999999999999,0
gemma4_12b_base,210,0.9732000000000001,0
gemma4_12b_base,211,0.9828000000000001,0
gemma4_12b_base,212,0.9884,0
gemma4_12b_base,213,0.9865999999999999,0
gemma4_12b_base,214,0.9654,0
gemma4_12b_base,215,0.9843000000000001,0
gemma4_12b_base,216,0.977,0
gemma4_12b_base,217,0.9893000000000001,0
gemma4_12b_base,218,0.9768,0
gemma4_12b_base,219,0.9645,0
gemma4_12b_base,220,0.9857999999999999,0
gemma4_12b_base,221,0.986,0
gemma4_12b_base,222,0.9730000000000001,0
gemma4_12b_base,223,0.9736,0
gemma4_12b_base,224,0.9788,0
gemma4_12b_base,225,0.9880999999999999,0
gemma4_12b_base,226,0.9857,0
gemma4_12b_base,227,0.9882,0
gemma4_12b_base,228,0.9921,0
gemma4_12b_base,229,0.9859999999999999,0
gemma4_12b_base,230,0.9914999999999999,0
gemma4_12b_base,301,0.9945999999999999,0
gemma4_12b_base,302,0.9884000000000001,0
gemma4_12b_base,303,0.9875,0
gemma4_12b_base,304,0.9964000000000001,0
gemma4_12b_base,305,0.9843999999999999,0
gemma4_12b_base,306,0.9939000000000001,0
gemma4_12b_base,307,0.9968,0
gemma4_12b_base,308,0.9936,0
gemma4_12b_base,309,0.9922,0
gemma4_12b_base,310,0.9957,0
gemma4_12b_base,311,0.9955999999999999,0
gemma4_12b_base,312,0.9933,0
gemma4_12b_base,313,0.9833,0
gemma4_12b_base,314,0.9939999999999999,0
gemma4_12b_base,315,0.9967,0
gemma4_12b_base,316,0.9842,0
gemma4_12b_base,317,0.9775,0
gemma4_12b_base,318,0.9938,0
gemma4_12b_base,319,0.9970000000000001,0
gemma4_12b_base,320,0.9949,0
gemma4_12b_base,321,0.9917,0
gemma4_12b_base,322,0.9626,0
gemma4_12b_base,323,0.9922,0
gemma4_12b_base,324,0.9985,0
gemma4_12b_base,325,0.99,0
gemma4_12b_base,326,0.9951000000000001,0
gemma4_12b_base,327,0.9906999999999999,0
gemma4_12b_base,328,0.9803000000000001,0
gemma4_12b_base,329,0.9959999999999999,0
gemma4_12b_base,330,0.9966,0
gemma4_26b_base,1,0.9317,0
gemma4_26b_base,2,0.9194,0
gemma4_26b_base,3,0.9559,0
gemma4_26b_base,4,0.9403999999999999,0
gemma4_26b_base,6,0.9566999999999999,0
gemma4_26b_base,8,0.9467000000000001,0
gemma4_26b_base,9,0.9639000000000001,0
gemma4_26b_base,10,0.9648,0
gemma4_26b_base,11,0.9497000000000001,0
gemma4_26b_base,14,0.963,0
gemma4_26b_base,15,0.9618,0
gemma4_26b_base,16,0.9812,0
gemma4_26b_base,17,0.9461999999999999,0
gemma4_26b_base,19,0.9611000000000001,0
gemma4_26b_base,22,0.9774,0
gemma4_26b_base,23,0.9453000000000001,0
gemma4_26b_base,24,0.9509,0
gemma4_26b_base,25,0.9552999999999999,0
gemma4_26b_base,27,0.9491,0
gemma4_26b_base,28,0.9665,0
gemma4_26b_base,29,0.9769,0
gemma4_26b_base,30,0.9556,0
gemma4_26b_base,31,0.8153,0
gemma4_26b_base,32,0.8985000000000001,0
gemma4_26b_base,33,0.9267000000000001,0
gemma4_26b_base,34,0.9410999999999999,0
gemma4_26b_base,35,0.9169,0
gemma4_26b_base,36,0.8789,0
gemma4_26b_base,37,0.9481999999999999,0
gemma4_26b_base,38,0.9246000000000001,0
gemma4_26b_base,39,0.9396,0
gemma4_26b_base,40,0.9034,0
gemma4_26b_base,41,0.9405,0
gemma4_26b_base,42,0.916,0
gemma4_26b_base,43,0.8729,0
gemma4_26b_base,44,0.9443,0
gemma4_26b_base,45,0.9721000000000001,0
gemma4_26b_base,46,0.9581999999999999,0
gemma4_26b_base,47,0.9637000000000001,0
gemma4_26b_base,48,0.9612,0
gemma4_26b_base,49,0.9513999999999999,0
gemma4_26b_base,50,0.9297,0
gemma4_26b_base,51,0.9531000000000001,0
gemma4_26b_base,52,0.9516999999999999,0
gemma4_26b_base,53,0.9710000000000001,0
gemma4_26b_base,54,0.9459000000000001,0
gemma4_26b_base,55,0.913,0
gemma4_26b_base,56,0.9252999999999999,0
gemma4_26b_base,57,0.9466,0
gemma4_26b_base,58,0.9605,0
gemma4_26b_base,59,0.9403000000000001,0
gemma4_26b_base,60,0.9408,0
gemma4_26b_base,61,0.9509000000000001,0
gemma4_26b_base,62,0.9059999999999999,0
gemma4_26b_base,63,0.9550000000000001,0
gemma4_26b_base,64,0.9556,0
gemma4_26b_base,65,0.9688000000000001,0
gemma4_26b_base,66,0.9017999999999999,0
gemma4_26b_base,67,0.9622,0
gemma4_26b_base,68,0.9036,0
gemma4_26b_base,69,0.9626,0
gemma4_26b_base,70,0.9039,0
gemma4_26b_base,71,0.9590000000000001,0
gemma4_26b_base,72,0.9117,0
gemma4_26b_base,73,0.9681000000000001,0
gemma4_26b_base,74,0.8964000000000001,0
gemma4_26b_base,75,0.9384,0
gemma4_26b_base,76,0.9729000000000001,0
gemma4_26b_base,77,0.9575,0
gemma4_26b_base,78,0.9588,0
gemma4_26b_base,79,0.9451999999999999,0
gemma4_26b_base,80,0.9326,0
gemma4_26b_base,81,0.9410000000000001,0
gemma4_26b_base,82,0.9527000000000001,0
gemma4_26b_base,83,0.9614,0
gemma4_26b_base,84,0.9759000000000001,0
gemma4_26b_base,85,0.9641,0
gemma4_26b_base,86,0.9473,0
gemma4_26b_base,87,0.9524,0
gemma4_26b_base,88,0.9364999999999999,0
gemma4_26b_base,89,0.9748,0
gemma4_26b_base,90,0.9625999999999999,0
gemma4_26b_base,91,0.9504999999999999,0
gemma4_26b_base,92,0.932,0
gemma4_26b_base,93,0.9459000000000002,0
gemma4_26b_base,94,0.9336,0
gemma4_26b_base,95,0.944,0
gemma4_26b_base,96,0.8764,0
gemma4_26b_base,97,0.9356,0
gemma4_26b_base,98,0.9675,0
gemma4_26b_base,99,0.9521999999999999,0
gemma4_26b_base,100,0.9348,0
gemma4_26b_base,101,0.8406999999999999,0
gemma4_26b_base,102,0.8922,0
gemma4_26b_base,103,0.9641,0
gemma4_26b_base,104,0.9564999999999999,0
gemma4_26b_base,105,0.9566,0
gemma4_26b_base,106,0.9478,0
gemma4_26b_base,107,0.9663,0
gemma4_26b_base,108,0.9621,0
gemma4_26b_base,109,0.9713,0
gemma4_26b_base,110,0.9703999999999999,0
gemma4_26b_base,111,0.9587,0
gemma4_26b_base,112,0.9649,0
gemma4_26b_base,113,0.9778,0
gemma4_26b_base,114,0.9793999999999999,0
gemma4_26b_base,115,0.9341,0
gemma4_26b_base,116,0.9636,0
gemma4_26b_base,117,0.9557000000000001,0
gemma4_26b_base,118,0.9286,0
gemma4_26b_base,119,0.9474000000000001,0
gemma4_26b_base,120,0.9593999999999999,0
gemma4_26b_base,121,0.9435,0
gemma4_26b_base,122,0.9436,0
gemma4_26b_base,123,0.9647000000000001,0
gemma4_26b_base,124,0.9574,0
gemma4_26b_base,125,0.9602,0
gemma4_26b_base,126,0.9491999999999999,0
gemma4_26b_base,127,0.9472,0
gemma4_26b_base,128,0.9446000000000001,0
gemma4_26b_base,201,0.9711,0
gemma4_26b_base,202,0.9328,0
gemma4_26b_base,203,0.9537,0
gemma4_26b_base,204,0.9768999999999999,0
gemma4_26b_base,205,0.9748,0
gemma4_26b_base,206,0.9323,0
gemma4_26b_base,207,0.9732000000000001,0
gemma4_26b_base,208,0.9534,0
gemma4_26b_base,209,0.957,0
gemma4_26b_base,210,0.9746,0
gemma4_26b_base,211,0.9492,0
gemma4_26b_base,212,0.9751,0
gemma4_26b_base,213,0.9751,0
gemma4_26b_base,214,0.9564999999999999,0
gemma4_26b_base,215,0.9711000000000001,0
gemma4_26b_base,216,0.9746999999999999,0
gemma4_26b_base,217,0.9746,0
gemma4_26b_base,218,0.9532,0
gemma4_26b_base,219,0.9155,0
gemma4_26b_base,220,0.9481,0
gemma4_26b_base,221,0.9793000000000001,0
gemma4_26b_base,222,0.9787999999999999,0
gemma4_26b_base,223,0.9539,0
gemma4_26b_base,224,0.9627,0
gemma4_26b_base,225,0.977,0
gemma4_26b_base,226,0.9713999999999998,0
gemma4_26b_base,227,0.965,0
gemma4_26b_base,228,0.9596,0
gemma4_26b_base,229,0.9697,0
gemma4_26b_base,230,0.9684,0
gemma4_26b_base,301,0.9405,0
gemma4_26b_base,302,0.9269,0
gemma4_26b_base,303,0.9528,0
gemma4_26b_base,304,0.9526999999999999,0
gemma4_26b_base,305,0.9445,0
gemma4_26b_base,306,0.9092000000000001,0
gemma4_26b_base,307,0.9696,0
gemma4_26b_base,308,0.9625999999999999,0
gemma4_26b_base,309,0.9567,0
gemma4_26b_base,310,0.9652000000000001,0
gemma4_26b_base,311,0.9512,0
gemma4_26b_base,312,0.9745,0
gemma4_26b_base,313,0.9589,0
gemma4_26b_base,314,0.9550000000000001,0
gemma4_26b_base,315,0.9533,0
gemma4_26b_base,316,0.9017,0
gemma4_26b_base,317,0.9319,0
gemma4_26b_base,318,0.9398,0
gemma4_26b_base,319,0.9387,0
gemma4_26b_base,320,0.967,0
gemma4_26b_base,321,0.9366,0
gemma4_26b_base,322,0.8667,0
gemma4_26b_base,323,0.9644,0
gemma4_26b_base,324,0.9708,0
gemma4_26b_base,325,0.9642999999999999,0
gemma4_26b_base,326,0.9561,0
gemma4_26b_base,327,0.9386,0
gemma4_26b_base,328,0.8933,0
gemma4_26b_base,329,0.9559,0
gemma4_26b_base,330,0.9717,0
granite4_small_base,1,0.9728999999999999,0
granite4_small_base,2,0.9813,0
granite4_small_base,3,0.9818999999999999,0
granite4_small_base,4,0.9813,0
granite4_small_base,6,0.9847000000000001,0
granite4_small_base,8,0.9846,0
granite4_small_base,9,0.9791,0
granite4_small_base,10,0.9916,0
granite4_small_base,11,0.9766,0
granite4_small_base,14,0.9899,0
granite4_small_base,15,0.984,0
granite4_small_base,16,0.9937,0
granite4_small_base,17,0.9801,0
granite4_small_base,19,0.9925,0
granite4_small_base,22,0.9876,0
granite4_small_base,23,0.9884,0
granite4_small_base,24,0.987,0
granite4_small_base,25,0.9791,0
granite4_small_base,27,0.9919,0
granite4_small_base,28,0.9885999999999999,0
granite4_small_base,29,0.995,0
granite4_small_base,30,0.9716,0
granite4_small_base,31,0.9663999999999999,0
granite4_small_base,32,0.9622,0
granite4_small_base,33,0.9905999999999999,0
granite4_small_base,34,0.9745000000000001,0
granite4_small_base,35,0.9863999999999999,0
granite4_small_base,36,0.9523,0
granite4_small_base,37,0.9907999999999998,0
granite4_small_base,38,0.9693999999999999,0
granite4_small_base,39,0.9659,0
granite4_small_base,40,0.9799,0
granite4_small_base,41,0.992,0
granite4_small_base,42,0.9733999999999998,0
granite4_small_base,43,0.9596,0
granite4_small_base,44,0.9772000000000001,0
granite4_small_base,45,0.9926,0
granite4_small_base,46,0.947,0
granite4_small_base,47,0.9828000000000001,0
granite4_small_base,48,0.9752000000000001,0
granite4_small_base,49,0.9806999999999999,0
granite4_small_base,50,0.9808,0
granite4_small_base,51,0.9734999999999999,0
granite4_small_base,52,0.9722999999999999,0
granite4_small_base,53,0.9861,0
granite4_small_base,54,0.9795,0
granite4_small_base,55,0.9715,0
granite4_small_base,56,0.9674,0
granite4_small_base,57,0.9817,0
granite4_small_base,58,0.9668,0
granite4_small_base,59,0.9863000000000001,0
granite4_small_base,60,0.9881,0
granite4_small_base,61,0.9934999999999999,0
granite4_small_base,62,0.9606,0
granite4_small_base,63,0.9546,0
granite4_small_base,64,0.9889,0
granite4_small_base,65,0.9748,0
granite4_small_base,66,0.9660999999999998,0
granite4_small_base,67,0.9844,0
granite4_small_base,68,0.9833000000000001,0
granite4_small_base,69,0.9894,0
granite4_small_base,70,0.9863,0
granite4_small_base,71,0.9863,0
granite4_small_base,72,0.9849,0
granite4_small_base,73,0.9866000000000001,0
granite4_small_base,74,0.9815,0
granite4_small_base,75,0.9844,0
granite4_small_base,76,0.9820999999999999,0
granite4_small_base,77,0.9909,0
granite4_small_base,78,0.9853,0
granite4_small_base,79,0.9769,0
granite4_small_base,80,0.9772000000000001,0
granite4_small_base,81,0.9602,0
granite4_small_base,82,0.9840000000000001,0
granite4_small_base,83,0.9817,0
granite4_small_base,84,0.995,0
granite4_small_base,85,0.9879,0
granite4_small_base,86,0.9728,0
granite4_small_base,87,0.9736999999999999,0
granite4_small_base,88,0.9823000000000001,0
granite4_small_base,89,0.9835999999999999,0
granite4_small_base,90,0.9718,0
granite4_small_base,91,0.9858999999999999,0
granite4_small_base,92,0.9875,0
granite4_small_base,93,0.986,0
granite4_small_base,94,0.9643,0
granite4_small_base,95,0.9725,0
granite4_small_base,96,0.9752000000000001,0
granite4_small_base,97,0.9606,0
granite4_small_base,98,0.9899,0
granite4_small_base,99,0.9854,0
granite4_small_base,100,0.9714,0
granite4_small_base,101,0.9848999999999999,0
granite4_small_base,102,0.9731000000000001,0
granite4_small_base,103,0.9786999999999999,0
granite4_small_base,104,0.9632,0
granite4_small_base,105,0.9796,0
granite4_small_base,106,0.9873000000000001,0
granite4_small_base,107,0.973,0
granite4_small_base,108,0.9804999999999999,0
granite4_small_base,109,0.9717,0
granite4_small_base,110,0.9843999999999999,0
granite4_small_base,111,0.9885,0
granite4_small_base,112,0.9847,0
granite4_small_base,113,0.9861000000000001,0
granite4_small_base,114,0.9947,0
granite4_small_base,115,0.9850000000000001,0
granite4_small_base,116,0.9802,0
granite4_small_base,117,0.9836999999999999,0
granite4_small_base,118,0.9746,0
granite4_small_base,119,0.9757999999999999,0
granite4_small_base,120,0.9758,0
granite4_small_base,121,0.9561999999999999,0
granite4_small_base,122,0.9645,0
granite4_small_base,123,0.9609999999999999,0
granite4_small_base,124,0.9672000000000001,0
granite4_small_base,125,0.969,0
granite4_small_base,126,0.978,0
granite4_small_base,127,0.956,0
granite4_small_base,128,0.9595,0
granite4_small_base,201,0.9747999999999999,0
granite4_small_base,202,0.9823999999999999,0
granite4_small_base,203,0.9709,0
granite4_small_base,204,0.9814,0
granite4_small_base,205,0.9887,0
granite4_small_base,206,0.9459,0
granite4_small_base,207,0.9638,0
granite4_small_base,208,0.9889000000000001,0
granite4_small_base,209,0.9842,0
granite4_small_base,210,0.9808,0
granite4_small_base,211,0.9791000000000001,0
granite4_small_base,212,0.9774999999999999,0
granite4_small_base,213,0.9832000000000001,0
granite4_small_base,214,0.9689,0
granite4_small_base,215,0.9792,0
granite4_small_base,216,0.9729,0
granite4_small_base,217,0.9811,0
granite4_small_base,218,0.9837,0
granite4_small_base,219,0.9684,0
granite4_small_base,220,0.9623,0
granite4_small_base,221,0.9821,0
granite4_small_base,222,0.9873,0
granite4_small_base,223,0.9738,0
granite4_small_base,224,0.9769000000000001,0
granite4_small_base,225,0.9728,0
granite4_small_base,226,0.9779,0
granite4_small_base,227,0.9755999999999999,0
granite4_small_base,228,0.9802000000000001,0
granite4_small_base,229,0.9848000000000001,0
granite4_small_base,230,0.9823,0
granite4_small_base,301,0.9844999999999999,0
granite4_small_base,302,0.9884,0
granite4_small_base,303,0.9892000000000001,0
granite4_small_base,304,0.9908000000000001,0
granite4_small_base,305,0.9845999999999999,0
granite4_small_base,306,0.9857999999999999,0
granite4_small_base,307,0.9901,0
granite4_small_base,308,0.9857,0
granite4_small_base,309,0.9861,0
granite4_small_base,310,0.9916,0
granite4_small_base,311,0.9940999999999999,0
granite4_small_base,312,0.9924999999999999,0
granite4_small_base,313,0.9843999999999999,0
granite4_small_base,314,0.9865,0
granite4_small_base,315,0.9787000000000001,0
granite4_small_base,316,0.9801,0
granite4_small_base,317,0.9742,0
granite4_small_base,318,0.9897,0
granite4_small_base,319,0.9850000000000001,0
granite4_small_base,320,0.9906000000000001,0
granite4_small_base,321,0.9818,0
granite4_small_base,322,0.9743999999999999,0
granite4_small_base,323,0.9881,0
granite4_small_base,324,0.9911999999999999,0
granite4_small_base,325,0.9844,0
granite4_small_base,326,0.9917,0
granite4_small_base,327,0.9831,0
granite4_small_base,328,0.9817,0
granite4_small_base,329,0.9908,0
granite4_small_base,330,0.9944,0
ling_mini_base,1,0.9935999999999999,0
ling_mini_base,2,0.9932,0
ling_mini_base,3,0.994,0
ling_mini_base,4,0.9952000000000001,0
ling_mini_base,6,0.9957999999999999,0
ling_mini_base,8,0.9954999999999999,0
ling_mini_base,9,0.9961,0
ling_mini_base,10,0.9955999999999999,0
ling_mini_base,11,0.9946999999999999,0
ling_mini_base,14,0.9951,0
ling_mini_base,15,0.9954,0
ling_mini_base,16,0.9965999999999999,0
ling_mini_base,17,0.9929999999999999,0
ling_mini_base,19,0.9966000000000002,0
ling_mini_base,22,0.9963,0
ling_mini_base,23,0.9966,0
ling_mini_base,24,0.9949,0
ling_mini_base,25,0.9960000000000001,0
ling_mini_base,27,0.9953000000000001,0
ling_mini_base,28,0.996,0
ling_mini_base,29,0.9938,0
ling_mini_base,30,0.9888,0
ling_mini_base,31,0.9901,0
ling_mini_base,32,0.9873,0
ling_mini_base,33,0.9948,0
ling_mini_base,34,0.9947,0
ling_mini_base,35,0.9943,0
ling_mini_base,36,0.9910000000000001,0
ling_mini_base,37,0.9937,0
ling_mini_base,38,0.9954999999999999,0
ling_mini_base,39,0.9914000000000001,0
ling_mini_base,40,0.9925999999999999,0
ling_mini_base,41,0.9958,0
ling_mini_base,42,0.9928,0
ling_mini_base,43,0.9935,0
ling_mini_base,44,0.9951,0
ling_mini_base,45,0.9952,0
ling_mini_base,46,0.9944,0
ling_mini_base,47,0.995,0
ling_mini_base,48,0.9964,0
ling_mini_base,49,0.9941,0
ling_mini_base,50,0.9938,0
ling_mini_base,51,0.996,0
ling_mini_base,52,0.9929,0
ling_mini_base,53,0.996,0
ling_mini_base,54,0.9963,0
ling_mini_base,55,0.993,0
ling_mini_base,56,0.9932000000000001,0
ling_mini_base,57,0.994,0
ling_mini_base,58,0.9937,0
ling_mini_base,59,0.9954999999999999,0
ling_mini_base,60,0.9944000000000001,0
ling_mini_base,61,0.9932,0
ling_mini_base,62,0.9944999999999999,0
ling_mini_base,63,0.9932000000000001,0
ling_mini_base,64,0.9964999999999999,0
ling_mini_base,65,0.9964999999999999,0
ling_mini_base,66,0.9904,0
ling_mini_base,67,0.9950999999999999,0
ling_mini_base,68,0.9963,0
ling_mini_base,69,0.9939,0
ling_mini_base,70,0.9943000000000001,0
ling_mini_base,71,0.9939,0
ling_mini_base,72,0.994,0
ling_mini_base,73,0.9964,0
ling_mini_base,74,0.9959,0
ling_mini_base,75,0.9942,0
ling_mini_base,76,0.9955999999999999,0
ling_mini_base,77,0.996,0
ling_mini_base,78,0.9884999999999999,0
ling_mini_base,79,0.9687,0
ling_mini_base,80,0.9942,0
ling_mini_base,81,0.9943,0
ling_mini_base,82,0.9963000000000001,0
ling_mini_base,83,0.9926999999999999,0
ling_mini_base,84,0.9956,0
ling_mini_base,85,0.9959,0
ling_mini_base,86,0.9946,0
ling_mini_base,87,0.9937,0
ling_mini_base,88,0.9929,0
ling_mini_base,89,0.9949,0
ling_mini_base,90,0.9944,0
ling_mini_base,91,0.9944000000000001,0
ling_mini_base,92,0.9937,0
ling_mini_base,93,0.9949,0
ling_mini_base,94,0.9919,0
ling_mini_base,95,0.9956999999999999,0
ling_mini_base,96,0.9956,0
ling_mini_base,97,0.9946999999999999,0
ling_mini_base,98,0.9954999999999999,0
ling_mini_base,99,0.9918,0
ling_mini_base,100,0.9947999999999999,0
ling_mini_base,101,0.9964999999999999,0
ling_mini_base,102,0.9948000000000001,0
ling_mini_base,103,0.9862,0
ling_mini_base,104,0.9910000000000001,0
ling_mini_base,105,0.9945999999999999,0
ling_mini_base,106,0.9932000000000001,0
ling_mini_base,107,0.9913,0
ling_mini_base,108,0.9909,0
ling_mini_base,109,0.9952,0
ling_mini_base,110,0.9869,0
ling_mini_base,111,0.9929000000000001,0
ling_mini_base,112,0.9923,0
ling_mini_base,113,0.9954000000000001,0
ling_mini_base,114,0.9968,0
ling_mini_base,115,0.9938,0
ling_mini_base,116,0.994,0
ling_mini_base,117,0.9935999999999999,0
ling_mini_base,118,0.9936,0
ling_mini_base,119,0.9939,0
ling_mini_base,120,0.9950999999999999,0
ling_mini_base,121,0.9924999999999999,0
ling_mini_base,122,0.9925,0
ling_mini_base,123,0.9924,0
ling_mini_base,124,0.9935,0
ling_mini_base,125,0.994,0
ling_mini_base,126,0.9946999999999999,0
ling_mini_base,127,0.9932,0
ling_mini_base,128,0.9947999999999999,0
ling_mini_base,201,0.9945,0
ling_mini_base,202,0.9956999999999999,0
ling_mini_base,203,0.9933,0
ling_mini_base,204,0.9924000000000001,0
ling_mini_base,205,0.9942000000000001,0
ling_mini_base,206,0.9927999999999999,0
ling_mini_base,207,0.9935,0
ling_mini_base,208,0.9962,0
ling_mini_base,209,0.9951000000000001,0
ling_mini_base,210,0.994,0
ling_mini_base,211,0.9933000000000001,0
ling_mini_base,212,0.9916,0
ling_mini_base,213,0.994,0
ling_mini_base,214,0.9954000000000001,0
ling_mini_base,215,0.9892,0
ling_mini_base,216,0.9937,0
ling_mini_base,217,0.9904,0
ling_mini_base,218,0.9934,0
ling_mini_base,219,0.9949,0
ling_mini_base,220,0.9905,0
ling_mini_base,221,0.9901,0
ling_mini_base,222,0.9944,0
ling_mini_base,223,0.9895,0
ling_mini_base,224,0.9911,0
ling_mini_base,225,0.9934,0
ling_mini_base,226,0.9939,0
ling_mini_base,227,0.9935,0
ling_mini_base,228,0.9926,0
ling_mini_base,229,0.9953000000000001,0
ling_mini_base,230,0.9926999999999999,0
ling_mini_base,301,0.9951000000000001,0
ling_mini_base,302,0.9910000000000001,0
ling_mini_base,303,0.996,0
ling_mini_base,304,0.9931,0
ling_mini_base,305,0.9949,0
ling_mini_base,306,0.9929,0
ling_mini_base,307,0.9978,0
ling_mini_base,308,0.9865999999999999,0
ling_mini_base,309,0.9947,0
ling_mini_base,310,0.9965999999999999,0
ling_mini_base,311,0.9951,0
ling_mini_base,312,0.9942000000000002,0
ling_mini_base,313,0.9897,0
ling_mini_base,314,0.9954000000000001,0
ling_mini_base,315,0.9924000000000001,0
ling_mini_base,316,0.9947000000000001,0
ling_mini_base,317,0.9925000000000002,0
ling_mini_base,318,0.9956,0
ling_mini_base,319,0.9942,0
ling_mini_base,320,0.9942,0
ling_mini_base,321,0.9940999999999999,0
ling_mini_base,322,0.9942,0
ling_mini_base,323,0.996,0
ling_mini_base,324,0.997,0
ling_mini_base,325,0.9954999999999999,0
ling_mini_base,326,0.9965999999999999,0
ling_mini_base,327,0.9944999999999999,0
ling_mini_base,328,0.9953000000000001,0
ling_mini_base,329,0.9955,0
ling_mini_base,330,0.9971,0
llama31_8b_base,1,0.9946999999999999,0
llama31_8b_base,2,0.9951,0
llama31_8b_base,3,0.9974,0
llama31_8b_base,4,0.9966,0
llama31_8b_base,6,0.9965,0
llama31_8b_base,8,0.9964000000000001,0
llama31_8b_base,9,0.996,0
llama31_8b_base,10,0.9953000000000001,0
llama31_8b_base,11,0.9920000000000001,0
llama31_8b_base,14,0.9969,0
llama31_8b_base,15,0.997,0
llama31_8b_base,16,0.9977,0
llama31_8b_base,17,0.9894,0
llama31_8b_base,19,0.9981,0
llama31_8b_base,22,0.9959000000000001,0
llama31_8b_base,23,0.9969,0
llama31_8b_base,24,0.9973,0
llama31_8b_base,25,0.9971999999999999,0
llama31_8b_base,27,0.9937999999999999,0
llama31_8b_base,28,0.9969000000000001,0
llama31_8b_base,29,0.9984,0
llama31_8b_base,30,0.9925999999999999,0
llama31_8b_base,31,0.9884,0
llama31_8b_base,32,0.9935,0
llama31_8b_base,33,0.9951,0
llama31_8b_base,34,0.9938,0
llama31_8b_base,35,0.9966,0
llama31_8b_base,36,0.9958,0
llama31_8b_base,37,0.9963,0
llama31_8b_base,38,0.9968,0
llama31_8b_base,39,0.99,0
llama31_8b_base,40,0.9954000000000001,0
llama31_8b_base,41,0.9969,0
llama31_8b_base,42,0.9953999999999998,0
llama31_8b_base,43,0.9918,0
llama31_8b_base,44,0.9958,0
llama31_8b_base,45,0.996,0
llama31_8b_base,46,0.9914000000000001,0
llama31_8b_base,47,0.9967,0
llama31_8b_base,48,0.9969,0
llama31_8b_base,49,0.9961,0
llama31_8b_base,50,0.9945999999999999,0
llama31_8b_base,51,0.9972,0
llama31_8b_base,52,0.9952000000000001,0
llama31_8b_base,53,0.9966999999999999,0
llama31_8b_base,54,0.9975,0
llama31_8b_base,55,0.9944,0
llama31_8b_base,56,0.9943000000000001,0
llama31_8b_base,57,0.9963,0
llama31_8b_base,58,0.9962,0
llama31_8b_base,59,0.9976,0
llama31_8b_base,60,0.9943000000000001,0
llama31_8b_base,61,0.9975999999999999,0
llama31_8b_base,62,0.9950000000000001,0
llama31_8b_base,63,0.9955,0
llama31_8b_base,64,0.9975,0
llama31_8b_base,65,0.9966,0
llama31_8b_base,66,0.9908999999999999,0
llama31_8b_base,67,0.9968,0
llama31_8b_base,68,0.9956999999999999,0
llama31_8b_base,69,0.9971,0
llama31_8b_base,70,0.9961,0
llama31_8b_base,71,0.9969999999999999,0
llama31_8b_base,72,0.9963,0
llama31_8b_base,73,0.9933,0
llama31_8b_base,74,0.9955,0
llama31_8b_base,75,0.9968,0
llama31_8b_base,76,0.9962,0
llama31_8b_base,77,0.9977999999999999,0
llama31_8b_base,78,0.9958,0
llama31_8b_base,79,0.9943,0
llama31_8b_base,80,0.996,0
llama31_8b_base,81,0.9965,0
llama31_8b_base,82,0.9963,0
llama31_8b_base,83,0.9925999999999999,0
llama31_8b_base,84,0.9978,0
llama31_8b_base,85,0.9974,0
llama31_8b_base,86,0.9966999999999999,0
llama31_8b_base,87,0.9969,0
llama31_8b_base,88,0.9963000000000001,0
llama31_8b_base,89,0.9965999999999999,0
llama31_8b_base,90,0.99,0
llama31_8b_base,91,0.9977999999999999,0
llama31_8b_base,92,0.9972,0
llama31_8b_base,93,0.9967,0
llama31_8b_base,94,0.9932,0
llama31_8b_base,95,0.9957,0
llama31_8b_base,96,0.9948999999999999,0
llama31_8b_base,97,0.9924000000000001,0
llama31_8b_base,98,0.9964,0
llama31_8b_base,99,0.9970000000000001,0
llama31_8b_base,100,0.9954999999999999,0
llama31_8b_base,101,0.9967,0
llama31_8b_base,102,0.995,0
llama31_8b_base,103,0.9892999999999998,0
llama31_8b_base,104,0.993,0
llama31_8b_base,105,0.9968999999999999,0
llama31_8b_base,106,0.9957,0
llama31_8b_base,107,0.9947999999999999,0
llama31_8b_base,108,0.9941,0
llama31_8b_base,109,0.9957,0
llama31_8b_base,110,0.9914000000000001,0
llama31_8b_base,111,0.9957,0
llama31_8b_base,112,0.9934,0
llama31_8b_base,113,0.9967999999999999,0
llama31_8b_base,114,0.9975999999999999,0
llama31_8b_base,115,0.9972000000000001,0
llama31_8b_base,116,0.9954000000000001,0
llama31_8b_base,117,0.9961,0
llama31_8b_base,118,0.9931,0
llama31_8b_base,119,0.9971,0
llama31_8b_base,120,0.9971,0
llama31_8b_base,121,0.9947,0
llama31_8b_base,122,0.9948999999999999,0
llama31_8b_base,123,0.9939999999999999,0
llama31_8b_base,124,0.9974000000000001,0
llama31_8b_base,125,0.9961000000000001,0
llama31_8b_base,126,0.9956,0
llama31_8b_base,127,0.9943,0
llama31_8b_base,128,0.9934,0
llama31_8b_base,201,0.9974000000000001,0
llama31_8b_base,202,0.9965999999999999,0
llama31_8b_base,203,0.9953000000000001,0
llama31_8b_base,204,0.9945999999999999,0
llama31_8b_base,205,0.9957999999999999,0
llama31_8b_base,206,0.9946,0
llama31_8b_base,207,0.9944,0
llama31_8b_base,208,0.9967,0
llama31_8b_base,209,0.9976,0
llama31_8b_base,210,0.9951,0
llama31_8b_base,211,0.9967999999999999,0
llama31_8b_base,212,0.9944999999999999,0
llama31_8b_base,213,0.9955,0
llama31_8b_base,214,0.9953000000000001,0
llama31_8b_base,215,0.9913000000000001,0
llama31_8b_base,216,0.9942,0
llama31_8b_base,217,0.996,0
llama31_8b_base,218,0.9946999999999999,0
llama31_8b_base,219,0.9954000000000001,0
llama31_8b_base,220,0.9961,0
llama31_8b_base,221,0.9962,0
llama31_8b_base,222,0.9949999999999999,0
llama31_8b_base,223,0.9950000000000001,0
llama31_8b_base,224,0.9951,0
llama31_8b_base,225,0.9944999999999999,0
llama31_8b_base,226,0.9946999999999999,0
llama31_8b_base,227,0.9956,0
llama31_8b_base,228,0.9961,0
llama31_8b_base,229,0.9964,0
llama31_8b_base,230,0.9966000000000002,0
llama31_8b_base,301,0.9976999999999999,0
llama31_8b_base,302,0.9963,0
llama31_8b_base,303,0.9935,0
llama31_8b_base,304,0.9964999999999999,0
llama31_8b_base,305,0.9973,0
llama31_8b_base,306,0.9956999999999999,0
llama31_8b_base,307,0.9968,0
llama31_8b_base,308,0.9922000000000001,0
llama31_8b_base,309,0.997,0
llama31_8b_base,310,0.9962,0
llama31_8b_base,311,0.997,0
llama31_8b_base,312,0.9973,0
llama31_8b_base,313,0.9903999999999998,0
llama31_8b_base,314,0.9973,0
llama31_8b_base,315,0.9952000000000001,0
llama31_8b_base,316,0.9941,0
llama31_8b_base,317,0.9851000000000001,0
llama31_8b_base,318,0.9971,0
llama31_8b_base,319,0.9962,0
llama31_8b_base,320,0.9969,0
llama31_8b_base,321,0.9953,0
llama31_8b_base,322,0.9924999999999999,0
llama31_8b_base,323,0.9968999999999999,0
llama31_8b_base,324,0.9981,0
llama31_8b_base,325,0.9958,0
llama31_8b_base,326,0.9969000000000001,0
llama31_8b_base,327,0.9968,0
llama31_8b_base,328,0.9951,0
llama31_8b_base,329,0.9976,0
llama31_8b_base,330,0.9979,0
